deaf	titreDees	genre	vers	lieuComposition	dateComposition	lieuManuscrit	dateManuscrit	qualite	lieuCompositionType	dateCompositionType	lieuManuscritType	dateManuscritType	genreType	rmques
OrsonP	Orson de Beauvais, v. 1-2005	chanson de geste en alexandrins	oui	pic. mérid.	1225ca	lorr.	1290pm10	ms	pic	1emxiiie	lorr	2emxiiie	chgeste	-
RenN_H	Le roman de Renart, branche VI, ms. H	nil	oui	nil	1188pm13	pic.	1290pm10	ms1	nil	2emxiie	pic	2emxiiie	narrbref	-
Perclo_R	nil	nil	oui	champ. mérid.	1180ca	pic. 	1237pm13	ms1	champ	2emxiie	pic	1emxiiie	roman	-
AdHaleRobS*	Li Gieus de Robin et Marion, ms. P	jeu	oui	art.	1285ca	Arras	1295	ms 	pic	2emxiiie	pic	2emxiiie	theatre	-
RenBeaujBelW2	[PVR] Le bel inconnu, de Renaut de Beaujeu v.1-811 G.P. Williams, CFMA, Paris 1929 Musee Condee, Chantilly ms 472 2e moitié 13e s	conte en octosyllabes	oui	est	1200ca	hain.	1283pm17	ms2	bourgfrc	1emxiiie	pic	2emxiiie	narrbref	traits frc brg
EustMoineC	Li romans de Witasse le moine, v. 1-853	nil	oui	pic.	1238pm13	pic.	1285	ms3	pic	1emxiiie	pic	2emxiiie	roman	-
PercLo_U	Le Perceval de Chrétien de Troyes, ms. U, v. 1-2000	roman arthurien	oui	champ. mérid.	1180ca	Paris	1330ca	ms1	champ	2emxiie	idf	1emxive	roman	-
ComparFaucVH*	Li dis du faucon	poème moral allégorique où le riche est représenté par un faucon et le pauvre par un poulet	oui	pic.	1250pm50	pic.	1295	cr	pic	mxiiie	pic	2emxiiie	poalleg	-
FetRomF1	Li fet des Romains, p. 5-31, ms. V	roman antique (basé sur Lucain)	non	frc.	1213ca	bourg.	1290pm10	cr1	bourgfrc	1emxiiie	bourgfrc	2emxiiie	hist	-
PercLo_T	[PVR] Le Perceval de Chretien de Troyes, ms. T, v.1- 2000 R.L.H. Lops (T) BN 12576 de2but 13e s	roman arthurien	oui	champ. mérid.	1180ca	pic. sept.	1275pm25	ms1	champ	2emxiie	pic	2emxiiie	roman	-
MarieLaustW3*	nil	lai	oui	Nord-Ouest	1165ca	agn.	1275pm25	intégral	ouest	2emxiie	agn	2emxiiie	narrbref	norm. Et agn.
SEust2P	La vie de Saint Eustache, ms. M	vie de saint en octosyllabes	oui	norm.	1210pm10	norm.	1250ca	ms2	ouest	1emxiiie	ouest	mxiiie	hagio	-
MarieChaitW2	nil	lai breton	oui	agn.	1165ca	agn.	1275pm25	ms	agn	2emxiie	agn	2emxiiie	narrbref	-
MarieGuig_H	nil	lai	oui	Nord-Ouest	1165ca	agn.	1275pm25	cr	ouest	2emxiie	agn	2emxiiie	narrbref	-
MarieDousAm_H	nil	lai	oui	agn.	1165ca	agn.	1275pm25	ms	agn	2emxiie	agn	2emxiiie	narrbref	-
RenN_D	Le roman de Renart, branche VI, ms. D	nil	oui	nil	1188pm13 	frc.	1339	 ms1	nil	2emxiie	bourgfrc	1emxive	narrbref	-
CharroiSch_A1*	Le charroi de Nimes, ms. A1	épopée du cycle de Guillaume d'Orange	oui	nil	1150pm17	frc.	1263pm13	ms1	nil	mxiie	bourgfrc	2emxiiie	chgeste	-
ContPerc_4_TW*	La continuation de Perceval, ms. A, v. 1-1520	roman en vers	oui	pic.	1238pm13	pic.	1210pm10	ms1	pic	1emxiiie	pic	1emxiiie	roman	dates étranges
HelcanusN	Le roman de Helcanus, par. 1-16	épisode du cycle des Sept Sages	non	pic.	1285ca	frc.	1290pm10	cr2	pic	2emxiiie	bourgfrc	2emxiiie	narrbref	-
YvainL_H	nil	roman arthurien en octosyllabes	oui	champ. mérid.	1177ca	champ.	1235ca	ms1	champ	2emxiie	champ	1emxiiie	roman	-
MarieLanvR2_P	nil	lai	oui	Nord-Ouest	1165ca	pic.	1290pm10	ms2	ouest	2emxiie	pic	2emxiiie	narrbref	-
ChastVergiS_E	La chastelaine de Vergi, ms. E	conte courtois en octosyllabes.	oui	norm.	1240ca	champ. mérid.	1310pm10	ms1	ouest	1emxiiie	champ	1emxive	narrbref	-
TournAntB	[PVR] Le torneiment Anticrist de Huon de Meri, v.1-811 M.O. Bender, Mississippi 1976 (D) BN ffr 25.407 2e moitié 13e s	poème allégorique traitant de l'Antéchrist	oui	norm.	1236ca	agn.	1288pm13	cr	ouest	1emxiiie	agn	2emxiiie	poalleg	-
PeanGatS1_1	Leben und Wunderthaten des heiligen Martin, v. 1-2000	vie de saint	oui	tour.	1225pm25	bourg.	1290pm10	ms	centre	1emxiiie	bourgfrc	2emxiiie	hagio	-
WaceMargMF	[PVR] La vie de Sainte Marguerite de Wace, ms. m E.A. Francis, CFMA, Paris 1932 (M) Tours Bibl. Munic. 927 2e moitie2 13e s	vie de saint en vers octosyllabiques	oui	norm.	1135ca	tour.	1238pm13	cr3	ouest	1emxiie	centre	1emxiiie	hagio	-
PriereTheopS	Li prière Theophilus	nil	oui	pic.	1290pm10	pic.	1300ca	cr2	pic	2emxiiie	pic	1emxive	nil	-
RutebTheophF	Le miracle de Théophile de Rutebeuf	nil	oui	champ. mérid. 	1261ca	frc.	1288pm13	cr3	champ	2emxiiie	bourgfrc	2emxiiie	theatre	-
PercLo_H	[PVR] Perceval de Chretien de Troyes, ms. H, v.1-2000 R.L.H. Lops Londres Arundel 14 2e moitie2 14e s	roman arthurien	oui	champ. mérid.	1180ca	agn.	1350pm10	ms1	champ	2emxiie	agn	mxive	roman	-
PercLo_Pr	nil	roman arthurien	oui	Troyes	1180ca	Nord Est	1300pm20	ms1	bourgfrc	2emxiie	bourgfrc	1emxive	roman	-
RenN_B	Le roman de Renart, branche VI, ms. B	nil	oui	nil	1188pm13	Est	1275pm25	ms	nil	2emxiie	bourgfrc	2emxiiie	narrbref	-
CharroiSch_fragm*	Le charroi de Nimes, ms. Afragment	nil	oui	nil	1150pm17	nil	1250pm50	ms1	nil	mxiie	nil	mxiiie	chgeste	-
SHilR_C*	La vie de saint Hylaire	hagiographie	non	wall.	1208pm4	pic.	1275pm25	ms	wall	1emxiiie	pic	2emxiiie	hagio	-
GlWallW*	Gloses wallonnes	gloses	non	wall.	1290pm10	wall.	1290pm10	ms	wall	2emxiiie	wall	2emxiiie	nil	-
RecMédCambraiS*	Remèdes populaires du moyen âge	recueil de recettes médicales et magiques précédé d'une explication des quatre humeurs	non	Nord	1275pm25	pic.	1290pm10	ms1	pic	2emxiiie	pic	2emxiiie	didact	-
AubereeN_transE*	Fabliau 4, ms. E	fabliau	oui	pic.	1200ca	frc.	1290pm10	ms	pic	1emxiiie	bourgfrc	2emxiiie	narrbref	-
VolucrK	Li volucraires	nil	oui	champ.	1265	champ.	1288pm13	ms2	champ	2emxiiie	champ	2emxiiie	didact	-
TroiePr15V	Le roman de Troie en prose, par. 1-19	version adaptée de Benoît de Sainte Marne	non	champ.	1288pm13	Marne	1288pm13	ms1	champ	2emxiiie	bourgfrc	2emxiiie	roman	-
MuleJ	La mule sans frein, dans: Two old french Gauvain romances	conte en octosyllabes.	oui	bourg.	1200ca	bourg. sept.	1310pm10	ms1	bourgfrc	1emxiiie	bourgfrc	1emxive	narrbref	-
BestAmOctT	Le bestiaire d'amour rimé, v. 1-2658	bestaire rimé	oui	franc.	1250ca	Nord	1300ca	cr	idf	mxiiie	pic	1emxive	didact	-
JMeunVégR	L'art de chevalerie de Jean de Meun , par. 1-28	traduction française en prose du De re militari de Végèce	non	frc.	1288pm2	pic.	1340	cr2	bourgfrc	2emxiiie	pic	1emxive	didact	-
YsLyonF	Lyoner Yzopet	fables ésopiennes	oui	Est	1275pm25	frcomt.	1290pm10	ms	bourgfrc	2emxiiie	bourgfrc	2emxiiie	narrbref	-
JuiseR	Li ver del Juise	sermon en alexandrins assonancés	oui	liég.	1137pm13	wall.	1210pm10	cr2	wall	1emxiie	wall	1emxiiie	sermon	-
ModvB2	Saint Modwenna, ms. O	vie de saint	oui	agn.	1230ca	agn.	1250ca	cr	agn	1emxiiie	agn	mxiiie	hagio	-
YvainL_S	Le chevalier au lion de Chrétien de Troyes, ms. S, v. 1-1000	roman arthurien en octosyllabes	oui	champ. mérid.	1177ca	nil	1300ca	ms1	champ	2emxiie	nil	1emxive	roman	-
SSagAD	Les sept sages de Rome	nil	non	Traits de l'Ouest.	1250pm17	frc.	1290pm10	ms1	ouest	mxiiie	bourgfrc	2emxiiie	roman	-
ChastVergiS_F	La chastelaine de Vergi, ms. F	conte courtois en actosyllabes.	oui	norm.	1240ca	pic.	1318pm2	ms1	ouest	1emxiiie	pic	1emxive	narrbref	-
Aucun	[PVR] Zwei ungedruckte Versionen der Theophilussage, p.531-540 A. Weber, ZfRP I (1877), p.523-540 London Brit.M. Ms Egerton 612 nv	miracles en octosylabes.	oui	agn.	1150pm17	agn.	1210pm10	ms2	agn	mxiie	agn	1emxiiie	hagio	-
MerlinP	Merlin, roman en prose du XIIIe siècle, p. 1-29	roman arthurien	non	Sud-Est	1213pm13	pic.	1310pm10	cr1	sudest	1emxiiie	pic	1emxive	roman	-
YvainL_A	[PVR] Le chevalier au lion de Chretien de Troyes v.1-1000 R.L.H. Lops (A) Chantilly 472 fin 13e s	roman arthurien en octosyllabes	oui	champ. mérid.	1177ca	hain.	1283pm17	ms1	champ	2emxiie	pic	2emxiiie	roman	-
ChastVergiS_G	La chastelaine de Vergi, ms. Go	conte courtois en octosyllabes	oui	norm.	1240ca	nil	1290pm10	ms1	ouest	1emxiiie	nil	2emxiiie	narrbref	-
DialGregF	Li dialoge Gregoire lo Pape, p. 5-52	récit pieux sous forme de dialogues.	non	liég.	1180pm30	Est	1210pm10	ms3	wall	2emxiie	bourgfrc	1emxiiie	dialogue	-
ChastVergiS_B	La chastelaine de Vergi, ms. B	conte courtois en octosyllabes.	oui	norm.	1240ca	norm. 	1300ca	ms1	ouest	1emxiiie	ouest	1emxive	narrbref	-
MarieMil_H	nil	nil	oui	Nord-Ouest	1165ca	agn.	1275pm25	ms	ouest	2emxiie	agn	2emxiiie	narrbref	-
SBernAn2S	Predigten des H. Bernhard	sermons liturgiques	non	lorr.	1190pm10	lorr.	1190pm10	ms	lorr	2emxiie	lorr	2emxiie	sermon	-
ChastVergiS_A	La chastelaine de Vergi, ms. A	conte courtois en octosyllabes	oui	norm.	1240ca	pic.	1289	ms1	ouest	1emxiiie	pic	2emxiiie	narrbref	-
AlexisAloS	The Oxford Version of the Vie de saint Alexis, ms. O	légende en alexandrins	oui	nil	1210pm10	wall.	1210pm10	ms2	nil	1emxiiie	wall	1emxiiie	hagio	-
RouH_2	nil	chronique historique	oui	norm	1167pm7	frc.	1300ca	ms2	ouest	2emxiie	bourgfrc	1emxive	hist	-
YvainLo*;PercLo*	[PVR] Le Chevalier au lion de Chretien de Troyes (F), 1-1000 et Perceval 1-2000 (R) R.L.H.Lops Paris BN 1450 de2but 13e s	roman arthurien en vers	oui	champ. mérid.	1180ca	pic.	1238pm13	ms	bourgfrc	2emxiie	pic	2emxiiie	roman	-
SSilvCroixP	La vie de Saint-Silvestre	vie de Saint	oui	Ouest	1200ca	tour.	1210pm10	ms2	ouest	1emxiiie	centre	1emxiiie	hagio	-
MarieFab_K	nil	fable	oui	Nord-Ouest	1180ca	nil	1310pm10	ms	ouest	2emxiie	nil	1emxive	narrbref	-
NarcisusP_A	nil	poème antiquisant	oui	norm.	1165ca	frc.	1287pm13	ms	ouest	2emxiie	bourgfrc	2emxiiie	narrbref	-
PoignEnfM*, DeuxChevM*, EnsMorM*	Des poignes d'enfer, les deux chevaliers, enseignement moral	1) Des poignes d'enfer: légende pieuse ; 2)Les II chevaliers : enseignement moral; 3) enseignement moral: enseignement moral	oui	nil	1310pm10	bourg.	1310pm10	ms1	nil	1emxive	bourgfrc	1emxive	nil	-
MarieGuig_P	nil	lai	oui	Nord-Ouest.	1165ca	pic.	1290pm10	?	ouest	2emxiie	pic	2emxiiie	narrbref	-
RenN_I	nil	nil	oui	nil	1188pm13	nil	nil	ms1	nil	2emxiie	nil	nil	narrbref	-
CharroiSch_A2*	Le charroi de Nimes, ms. A2	épopée du cycle de Guillaume d'Orange	oui	nil	1150pm17	frc.	1263pm13	ms1	nil	mxiie	bourgfrc	2emxiiie	chgeste	-
FlorOctOctV	Octavian, v. 1-804	roman antique en octosyllabes	oui	pic.	1275pm25	pic.	1290pm10	ms2	pic	2emxiiie	pic	2emxiiie	roman	-
MaccabES	La chevalerie de Judas Macabé, ms. E, v. 1-1546	traduction en vers	oui	pic.	1285	Nord	1290pm10	ms1	pic	2emxiiie	pic	2emxiiie	nil	-
NoomenFabl_transD*	Fabliaux nrs 2 et 4 du ms. D	fabliau	oui	pic.	1250pm50	frc.	1290pm10	ms	pic	mxiiie	bourgfrc	2emxiiie	narrbref	-
GirVianeE	Girart de Vienne, par Bertrand de Bar-sur-Aube, v. 1-1024	chanson de geste à laisses assonancées rattachée au cycle de Guillaume d'Orange	oui	champ. mérid.	1210pm10	bourg.	1270ca	cr2	champ	1emxiiie	bourgfrc	2emxiiie	chgeste	-
SThibAlM	La vie de saint Thibaut	vie de Saint	oui	bourg.	1290pm10	bourg.	1290pm10	ms2	bourgfrc	2emxiiie	bourgfrc	2emxiiie	hagio	-
Turp1M	[PVR] Chronique dite Saintongeaise, chap.1-11 A. de Mandach, Beihefte zur ZfRP, Tuebingen 1970 Ms Lee,Aberystwyth Nation.Lib. of Wales ms 5005 13e s.	chronique historique	non	saint.	1217pm17	poit.	1275pm25	ms	sudouest	1emxiiie	centre	2emxiiie	hist	val lieu ?
NoomenFabl_transA*	Fabliaux nrs 1,2,4,23 et 29 du ms. A	fabliau	oui	pic.	1250pm50	frc.	1288pm13	ms	pic	mxiiie	bourgfrc	2emxiiie	narrbref	-
BalJosPr1M	L'histoire de Barlaam et Josaphat, p. 29,1-102,43	légende orientale en prose	non	champ.	1217pm17	est	1290pm10	cr3	champ	1emxiiie	bourgfrc	2emxiiie	narrbref	-
OmbreB1	[PVR] Le Lai de l'Ombre J. Bedier, Fribourg 1890 nv 13e s	conte courtois	oui	pic.	1221ca	frc.	1288pm13	cr1	pic	1emxiiie	bourgfrc	2emxiiie	narrbref	-
YvainL_V	Le chevalier au lion de Chrétien de Troyes v. 1-1000, ms. V	roman arthurien en octosyllabes	oui	champ. mérid.	1177ca	frc.	1290pm10	ms1	champ	2emxiie	bourgfrc	2emxiiie	roman	-
PhMézPel_A	nil	nil	non	pic.	1389	nil	1400ca	ms1	pic	2emxive	nil	1emxve	poalleg	-
SJeanBoucheD	La vie de saint Jehan Bouche d'Or	vie de Saint	oui	pic.	1200ca	pic.	1370	cr1	pic	1emxiiie	pic	2emxive	hagio	-
ElesoS	Bruchstueck des romanz des eles von Raol von Houdan	poème didactique	oui	pic.	1207pm7	Nord-Est	1310pm10	ms	pic	1emxiiie	bourgfrc	1emxive	poalleg	-
RouH_3a	Le roman de Rou de Wace, tome I, 3e partie v. 273-1018, ms. A	chronique historique	oui	norm.	1167pm7	agn.	1210pm10	cr2	ouest	2emxiie	agn	1emxiiie	hist	-
RCambr2M	Raoul de Cambrai, v. 6250-8726 (seconde main)	chanson de geste à laisses rimées	oui	Nord-Est	1190pm10	Nord	1275pm25	cr1	pic	2emxiie	pic	2emxiiie	chgeste	-
GuibAndrM	Guibert d'Andrenas, v. 1-849	chanson de geste du cycle de Guillaume d'Orange à laisses décasyllabiques rimées	oui	frc.	1210pm10	bourg.	1270ca	cr3	bourgfrc	1emxiiie	bourgfrc	2emxiiie	chgeste	-
TristBérM5*	[PVR] Le roman de Tristan de Beroul, V.1-1007 E. Muret, CFMA, 4me edition, Paris 1962 BN f fr 2171 2e moitie2 13e s	roman breton	oui	Ouest	1188pm13	nil	1275pm25	ms1	ouest	2emxiie	nil	2emxiiie	roman	-
RutebF	Sainte Marie l'Egyptienne, v. 1-813	vie de Saint	oui	champ. mérid.	1263pm14	frc.	1288pm13	cr2	champ	2emxiiie	bourgfrc	2emxiiie	hagio	-
PenitAdam1/2Q	The penitance of Adam	récit pieux	non	nil	1275pm25	pic.	1283pm17	ms2	nil	2emxiiie	pic	2emxiiie	narrbref -	
MarieProlW2	nil	nil	oui	agn.	1165ca	agn.	1275pm25	ms	agn	2emxiie	agn	2emxiiie	narrbref	-
MarieYon_S	nil	lai breton	oui	agn.	1165ca	frc.	1300ca	ms	agn	2emxiie	bourgfrc	1emxive	narrbref	-
PlainteAmV	nil	complainte	oui	agn.	1312	agn.	1325pm25	cr	agn	1emxive	agn	1emxive	nil	-
RenN_K	[PVR] Le Roman de Renart, br. VI, ms K E. Nieboer, Amsterdam Chantilly, Musee Conde,472 13e ou 14e s.	nil	oui	nil	1188pm13	hain.	1283pm17	ms1	nil	2emxiie	pic	2emxiiie	narrbref	-
SEdmCantB	nil	vie de saint	oui	agn.	1255ca	agn.	1280pm20	ms2	agn	2emxiiie	agn	2emxiiie	hagio	-
MarieFab_L	nil	fable	oui	Nord-Ouest	1180ca	nil	1290pm10	ms	ouest	2emxiie	nil	2emxiiie	narrbref	-
RouH_CA	nil	chronique historique	oui	norm.	1167pm7	frc.	1300ca	ms2	ouest	2emxiie	bourgfrc	1emxive	hist	-
RoseLLec	Le Roman de la Rose de Jean de Meun, v. 4029-8226	poème allégorique sur l'art d'aimer en couplets octosyllabiques	oui	traits orl.	1230ca	orl.	1285ca	cr2	centre	1emxiiie	centre	2emxiiie	poalleg	-
EneasS3*	Enéas, Tome I, v. 1-1018, ms. A	roman antique	oui	norm.	1160ca	lorr.	1200ca	cr2	ouest	2emxiie	lorr	1emxiiie	roman	-
HermValS	Li romanz de Dieu et de sa mere d'Herman de Valenciennes, v. 1-2224	collection d'épisodes historiques tirés des deux Testaments et d'apocryphes	oui	pic.	1190pm10	lorr.	1290pm10	cr	pic	2emxiie	lorr	2emxiiie	hist	-
AucR3	Aucassin et Nicolete	chantefable en vers et en prose	non	pic.	1225pm25	pic.	1290pm10	ms1	pic	1emxiiie	pic	2emxiiie	nil	-
FillePonth1B2	La fille du comte de Pontieu, première main	conte en prose	non	Nord	1213pm13 	Nord	1290pm10	ms2	pic	1emxiiie	pic	2emxiiie	narrbref	-
Rois	nil	texte biblique	non	agn.	1175pm25	agn.	1190pm10	ms	agn	2emxiie	agn	2emxiie	hist	-
RenR	Le roman de Renart, branches II-VI, v. 3257-5550	nil	oui	nil	1188pm13	Est	1213pm37	ms	nil	2emxiie	bourgfrc	1emxiiie	narrbref	-
GuischartG_H	nil	sermon	oui	agn.	1190pm10	agn.	1250pm10	cr1	agn	2emxiie	agn	mxiiie	sermon	-
MarieLanvR2_H	nil	nil	oui	Nord-Ouest	1165ca	agn.	1275pm25	ms2	ouest	2emxiie	agn	2emxiiie	narrbref	-
BibleMacéV	La Bible de Macé de la Charité, t.II, v. 8581-10336	trad. de l'Ancien Testament	oui	Centre	1300ca	berr.	1343	cr	centre	1emxive	centre	1emxive	bible	-
ContPerc4Lo_A	[PVR] Perceval de Chretien de Troyes, v.1-2000 R.L.H. Lops Clermont Ferrand Bib.Mun. 248 fin 13e s	roman arthurien	oui	pic.	1250pm17	pic. sept.	1275pm25	ms1	pic	mxiiie	pic	2emxiiie	roman	-
ElesB_A	Le roman des ailes de Raoul de Houdenc, ms. A	poème didactique	oui	pic.	1207pm7	frc.	1288pm13	ms	pic	1emxiiie	bourgfrc	2emxiiie	poalleg	-
AtreW	[PVR] L'atre perilleux, v.1-820 B. Woledge, CFMA, Paris 1936 (N1) BN ffr 2168 fin 13e siècle	roman arthurien en octosyllabes	oui	ouest	1250pm10	pic.	1290pm10	cr2	ouest	mxiiie	pic	2emxiiie	roman	-
Aiol1/2N	Aiol, v. 1-790	chanson de geste en décasyllabes et alexandrins	oui	pic.	1160ca	pic.	1275pm25	ms1	pic	2emxiie	pic	2emxiiie	chgeste	-
RenContr1R	Le roman de Renart le contrefait, fin de la 6ème et dernière branche,	oeuvre moralisante	oui	champ. mérid.	1322ca	nil	1337pm13	cr2	champ	1emxive	nil	1emxive	roman	-
PassJonglGP	La Passion des Jongleurs, v. 1-1501	Passion en octosyllabes	oui	frc.	1243	frc.	1275pm25	ms	bourgfrc	1emxiiie	bourgfrc	2emxiiie	nil	-
MarieLanvR2_S	nil	lai	oui	Nord-Ouest	1165ca	frc.	1300ca	ms2	ouest	2emxiie	bourgfrc	1emxive	narrbref	-
ThebesR_D	Les fragments d'Angers du Roman de Thèbes, ms. D	roman antique	oui	poit.	1160ca	poit.	1200ca	cr2	centre	2emxiie	centre	1emxiiie	roman	-
CalendreS	Calendre und seine Kaiserchronik	chronique	oui	champ.	1215pm2	champ.	1235ca	ms2	champ	1emxiiie	champ	1emxiiie	hist	-
MarieLanvR2_C	nil	lai	oui	Nord-Ouest	1165ca	agn.	1290pm10	ms2	ouest	2emxiie	agn	2emxiiie	narrbref	-
RoseLLec	Le roman de la rose de Guillaume de Lorris	poème allégorique en couplets octosyllabique	oui	traits orl.	1230ca	orl.	1285ca	cr2	centre	1emxiiie	centre	2emxiiie	poalleg	-
SongeEnfL	Le songe d'enfer de Raoul de Houdenc	nil	oui	Beauvais	1214ca	impossible	1288pm12	cr3	pic	1emxiiie	bourgfrc	2emxiiie	poalleg	val lieu ? j’ai mis est d’après ce que j’ai vu dans le DEAF (frc)
MédLiégH	Médicinaire liégeois du XIIIe siècle	recueil de recettes médicinales, d'explications de songes, de lunes et de la liste des douze vendredis de jeûne	non	liég.	1275pm25	wall.	1275pm25	cr1	wall	2emxiiie	wall	2emxiiie	didact	-
SGraalIVQuesteP2*	La queste del saint Graal, ms. K, p. 1.1-41.17	roman arthurien en prose	non	nil	1228pm13	nil	1250pm50	cr3	nil	1emxiiie	nil	mxiiie	roman	-
ElesB_B	Le roman des ailes de Raoul de Houdenc, ms. B	poème didactique	oui	pic.	1207pm7	agn.	1290pm10	ms	pic	1emxiiie	agn	2emxiiie	poalleg	-
NarcisusP_B	nil	poème antiquisant	oui	norm.	1165ca	frc.	1290pm10	ms	ouest	2emxiie	bourgfrc	2emxiiie	nil	-
MerlinM	Merlin de Robert de Boron, ms. A, par. 1-28	roman arthurien	non	Sud-Est	1213pm13	bourg.	1250pm50	cr2	sudest	1emxiiie	bourgfrc	mxiiie	roman	-
AdamA	[PVR] Le mystere d'Adam P. Aebischer, TLF, Gene3ve-Paris 1963 Bibl.Munic. de Tours no 927 2e qwuart 13e s	mystère en prose latine et en vers français octo- et décasyllabiques	oui	traits occ. et agn.	1175pm25	tour.	1238pm13	ms2 	agn	2emxiie	centre	1emxiiie	theatre	-
SJeanBoucheW	La vie de saint Jean Bouche d'or.	Vie de saint	oui	pic.	1200ca	nil	nil	ms2	pic	1emxiiie	pic	2emxiiie	hagio	données complétées d’après infos DEAF : art. 1267
FloovA	Floovant, Chanson de Geste du XIIIe siècle, v. 1-1053	chanson de geste	oui	Sud-Est	1190pm10	bourg.	1325pm25	cr2	sudest	2emxiie	bourgfrc	1emxive	chgeste	-
AyeB	[PVR] Aye d'Avignon (BN f.fr. 2170),v.1-839 S.J. Borg, TLF, Genève 1967 (A) BN fin 13e s, déb. 14e	chanson de geste du cycle de Nanteuil, rattachée au cycle de Charlemagne, en laisses d'alexandrins	non	pic. / norm.	1200ca	nil	1300ca	cr1	pic	1emxiiie	nil	1emxive	chgeste	-
PeanGatS1_3	Leben und Wunderthaten des heiligen Martin, v. 8100-10295	vie de saint	oui	tour.	1225pm25	berr.	1290pm10	ms	centre	1emxiiie	centre	2emxiiie	hagio	-
NarcisusP_C	nil	poème antiquisant	oui	norm.	1165ca	pic.	1290pm10	cr1	ouest	2emxiie	pic	2emxiiie	narrbref	-
YvainL_P	Le chevalier au lion de Chrétien de Troyes, ms. P, v. 1-1000	roman arthurien en octosyllabes	oui	champ. mérid.	1177ca	pic.	1317pm17	ms	champ	2emxiie	pic	1emxive	roman	-
BestPierre1M	Le bestiaire de Pierre de Beauvais (version courte)	bestiaire en prose	non	pic.	1200ca	Marne	1290pm10	cr3	pic	1emxiiie	champ	2emxiiie	didact	-
JMeunAbC*	J. de Meun, Traduction de la première epître de P. Abélard, v. 1-821	épistolaire	non	frc.	1280ca	Paris	1395ca	ms3	bourgfrc	2emxiiie	idf	2emxive	epist	-
CleomH	Les oeuvres d'Adenet le Roi, t.V Cleomades, ms. A, v. 1-2566	roman courtois en vers	oui	flandr.	1285	frc	1290pm10	cr1	pic	2emxiiie	bourgfrc	2emxiiie	nil	rattachement de flandr. ?
LancPrM_A	Lancelot, roman en prose du XIIIe siècle ms. A, par. 1.1-4.2	roman breton en prose	non	nil	1220ca	pic.	1275pm25	cr	nil	1emxiiie	pic	2emxiiie	roman	-
nil	nil	lai	oui	frc.	1210pm10	frc.	1300ca	cr1	bourgfrc	1emxiiie	bourgfrc	1emxive	narrbref	-
SGregA1S	[PVR] La vie du pape Saint Gregoire H.B. Sol, Rodopi Amsterdam 1977 (A1) Bibl.Munic. de Tours 927 milieu 13e s	vie de saint	oui	nord	1175pm25	tour.	1238pm12	ms1	pic	2emxiie	centre	1emxiiie	hagio	-
GuillMarM	[PVR] L'Histoire de Guillaume le Marechal, Comte de Striguil et de Pembroke v.1-804 P. Meyer, Paris 1891-94 t.I bibl. Phillips Cheltenham n verm	biographie en vers	oui	norm.	1223pm4	agn.	1237pm13	cr2	ouest	1emxiiie	agn	1emxiiie	hist	-
ChevEspJ	Le chevalier a l'épée, dans: Two old french Gauvain romances	conte en octosyllabes	oui	bourg.	1200ca	bourg. sept.	1310pm10	ms1	bourgfrc	1emxiiie	bourgfrc	1emxive	roman	-
RCambrM	Raoul de Cambrai, v. 58-1797 (première main)	chanson de geste à laisses rimées	oui	nord-est	1190pm10	pic.	1225pm25	cr1	pic	2emxiie	pic	1emxiiie	chgeste	-
BestGervM	Le bestiaire de Gervaise	bestiaire rimé en octosyllabes, basé sur les Dicta Chrysostomi	oui	bourg.	1210pm10	bourg.	1275pm25	ms1	bourgfrc	1emxiiie	bourgfrc	2emxiiie	didact	-
CharroiSch_C*	Le charroi de Nimes, ms. C	épopée du cycle de Guillaume d'Orange	oui	nil	1150pm17	art.	1295	ms1	nil	mxiie	pic	2emxiiie	chgeste	-
BestGuillR	Le Bestiaire de Guillaume le Clerc	miracle dramatisé en vers	oui	norm.	1211ca	agn.	1250pm10	cr3	ouest	1emxiiie	agn	mxiiie	didact	-
JPrioratR	Li abrejance de l'ordre de chevalerie, v. 1-2266	traité sur la chevalerie en vers octosyllabiques	oui	frcomt.	1290ca	frcomt.	1300ca	ms	bourgfrc	2emxiiie	bourgfrc	1emxive	didact	-
SSagOctM	Le roman des sept sages, ms. K, v. 1-810	roman historique en octosyllabes	oui	Sud-Ouest	1183pm17	pic.	1285	ms2	sudouest	1emxiie	pic	2emxiiie	roman	-
BesantR	Le besant de Dieu de Guillaume le Clerc de Normandie, v. 1-802	poème moralisant	oui	norm.	1227	agn.	1290pm10	cr	ouest	1emxiiie	agn	2emxiiie	didact	-
MortArtuF3*	La mort le roi Artu, par. 1-35	chanson de geste de la matière de Bretagne	non	nil	1213pm13	frc.	1290pm10	cr	nil	1emxiiie	bourgfrc	2emxiiie	roman	-
MarieGuig_S	nil	lai	oui	Nord-Ouest	1165ca	frc.	1300ca	nil	ouest	2emxiie	bourgfrc	1emxive	narrbref	-
ThebesR_C	Le roman de Thèbes, Tome 1, ms. C, v. 1-766	roman antique	oui	poit.	1250pm17	frc.	1250pm17	ms2	centre	mxiiie	bourgfrc	mxiiie	roman	-
HueArchH*	Les dits de Hue Archevesque	dits	oui	norm.	1250pm20	frc.	1287pm13	ms	ouest	mxiiie	bourgfrc	2emxiiie	nil	-
Ren_H	nil	nil	oui	nil	1188pm13	pic.	1290pm10	ms	nil	2emxiie	pic	2emxiiie	narrbref	-
MarieFab_T	nil	fable	oui	Nord-Ouest	1180ca	champ.	1287pm13	ms	ouest	2emxiie	champ	2emxiiie	narrbref	-
JacAmArtK	L'art d'amors und li remedes d'Amors von Jacques d'Amiens	poème didactique	oui	flandr.	1250pm17	pic. ?	1300ca	ms	pic	mxiiie	pic	1emxive	didact	-
CassidP	Le roman de Cassidorus, par. 1-31	roman en prose	non	pic.	1275ca	frc.	1290pm10	cr2	pic	2emxiiie	bourgfrc	2emxiiie	roman	-
BodelNicH2	Le jeu de Saint Nicolas de Jehan Bodel	nil	oui	art.	1197pm6	Arras	1295ca	ms1	pic	2emxiie	pic	2emxiiie	theatre	-
SBernAn1F	Li Sermon Saint Bernart	sermons liturgiques	non	lorr.	1190pm10	Metz	1190pm10	cr2	lorr	2emxiie	lorr	2emxiie	sermon	-
MarieMil_S	nil	nil	oui	Nord-Ouest	1165ca	frc.	1300ca	cr1	ouest	2emxiie	bourgfrc	1emxive	narrbref	-
SCathGuiT	La vie de sainte Catherine d'Alexandrie	nil	oui	pic.	1225pm25	nil	1290pm10	ms	pic	1emxiiie	nil	2emxiiie	hagio	-
ChevBarBloisB	Le conte dou barril, par Jouham de la Chapele de Blois, ms. P	poème	oui	orl.	1218ca	orl.	1317pm17	ms	centre	1emxiiie	centre	1emxive	poalleg	-
PercLo_S	Le Perceval de Chrétien de Troyes, ms. S, v. 1-2000	nil	oui	champ. mérid.	1180ca	traits norm.	1310pm10	ms1	champ	2emxiie	ouest	1emxive	roman	-
ClefD	La clef d'amors	imitation de l'Ars Amatoria d'Ovide	oui	norm.	1280	pic.	1317pm1	cr	ouest	2emxiiie	pic	1emxive	didact	-
DialGregF	Sermo de sapientia, dans: Li dialoge Gregoire lo pape	récit pieux dialogué	non	Liège	1190pm10	Est	1210pm10	ms2	wall	2emxiie	bourgfrc	1emxiiie	dialogue	-
RobClariL	La conquête de Constantinople de Robert de Clari	récit de la quatrième croisade	non	pic.	1217pm1	pic.	1300ca	ms	pic	1emxiiie	pic	1emxive	hist	-
ContPerc2R	The continuations Perceval, Tome IV, v. 19706-22408	nil	oui	nil	1200ca	champ. mérid.	1225pm25	cr1	nil	1emxiiie	champ	1emxiiie	roman	-
EvNicPrAF	[PVR] L'evangile de Nicodeme A.E.Ford, Gene3ve 1973 (A)BN fr. 19525 13e s	traduction de l'évangile	non	nil	1225pm25	agn.	1290pm10	ms1	nil	1emxiiie	agn	2emxiiie	bible	-
PercLo_P	Le Perceval de Chrétien de Troyes, ms. P, v. 1-2000	roman arthurien	oui	champ. mérid.	1180ca	hain.	1250pm10	ms1	champ	2emxiie	pic	mxiiie	roman	-
RolS	nil	nil	oui	Nord-Ouest	1100ca	agn.	1137pm13	cr1	ouest	1emxiie	agn	1emxiie	hist	-
ComtePoitM	Le roman du comte de Poitiers	roman en vers	oui	pic.	1225pm25	pic.	1310pm10	ms	pic	1emxiiie	pic	1emxive	roman	-
AdHaleFeuillL	Le jeu de la feuillée d'Adam le Bossu	jeu en octosyllabes	oui	art.	1276	pic.	1295	cr3	pic	2emxiiie	pic	2emxiiie	theatre	-
IpH	nil	nil	oui	agn.	1185ca	agn.	1250pm10	cr	agn	2emxiie	agn	mxiiie	roman	-
RenN_C	Le roman de Renart, branche VI, ms. C	nil	oui	nil	1188pm13	nil	1300ca	ms1	nil	2emxiie	nil	1emxive	narrbref	-
DrouartB	Li livres d'amours de Drouart La Vache, v. 1-3010	nil	oui	champ.	1290	Aisne	1300ca	ms1	champ	2emxiiie	pic	1emxive	didact	rattachement de Aisne ?
EvratGenABo_trans2*	[PVR] La Genese d'Evrat, v.4797-6352 transcription W. Boers (A) BN 12.456 #periode#	poème biblique	oui	champ.	1198	lorr.	1210pm10	ms1	champ	2emxiie	lorr	1emxiiie	bible	-
LancPrM_S	[PVR] Lancelot, roman en prose du XIIIe siècle, tome I, par.Ia.1-VIa.2 pp A. Micha, TLF, Paris/Genève 1980 (A) Cambridge Corpus Christi College Library 45 2e moitie2 13e s.	nil	non	nil	1220ca	pic.	1316	nil	nil	1emxiiie	pic	1emxive	roman	-
PercLo_A	nil	roman arthurien	oui	champ. mérid.	1180ca	champ.	1235ca	ms1 	champ	2emxiie	champ	1emxiiie	roman	-
CoincyI10K	Les miracles de Notre Dame de Soissons, versifiés par Gautier de Coinci, ms. R	miracles en vers	oui	Soissonnais	1224ca	pic. mérid.	1310pm10	cr	bourgfrc	1emxiiie	pic	1emxive	hagio	-
VillehF	La conquête de Constantinople de Villehardouin, ms. O	chronique historique	non	champ.	1205pm4	nil	1375pm25	cr2	champ	1emxiiie	nil	2emxive	hist	-
ThebesC_D	[PVR] Le roman de Thebes, fragments d'Angers L. Constans, SATF, Paris 1890, vol.II, appendice VI (D) fin 12e s	roman antique	oui	poit.	1160ca	poit.	1200ca	ms	centre	2emxiie	centre	1emxiiie	roman	-
NoomenFabl_transB*	Fabliaux nrs 2 et 4 du ms. B	fabliau	oui	pic.	1250pm50	bourg. sept.	1310pm10	ms	pic	mxiiie	bourgfrc	1emxive	narrbref	-
PoèmeMorB_A	Le poème moral, traité de la Vie Chrétienne, v. 1-2320	traité de vie chrétienne	oui	wall.	1200ca	wall.	1210pm10	cr1	wall	1emxiiie	wall	1emxiiie	nil	-
BenDucF_T	Chronique des ducs de Normandie par Benoit, tome 1, ms. T, v. 1-2428	chronique en vers octosyllabiques	oui	poit.	1174ca	poit.	1190pm10	ms1	centre	2emxiie	centre	2emxiie	hist	-
YvainL_F	nil	roman arthurien en octosyllabes	oui	champ. mérid.	1177ca	pic.	1237pm13	ms1	champ	2emxiie	pic	1emxiiie	roman	-
VilVersonD	Le conte des vilains de Verson par Estout de Gox	conte	oui	norm.	1247	nil	1250pm10	ms2	ouest	1emxiiie	nil	mxiiie	narrbref	-
SermMaurPB	Sermons de Maurice de Sully, p. 1-69	sermons	non	La Rochelle	1250pm10	poit.	1250pm10	ms2	ouest	mxiiie	centre	mxiiie	sermon	-
JoufrF	Joufroi de Poitiers, v. 1-800	roman d'aventures	oui	Sud-Est 	1250pm10	Est	1300ca	ms3	sudest	mxiiie	bourgfrc	1emxive	roman	-
GuillDoleS	Le roman de la rose ou de Guillaume de Dole, v. 1-803	roman en octosyllabes	oui	pic.	1209ca	frc.	1290pm10	cr3	pic	1emxiiie	bourgfrc	2emxiiie	roman	-
ElesB_D	Le roman des ailes de Raoul de Houdenc, ms. D	poème didactique	oui	#NOM ?	1207pm7	frc.	1290pm10	ms	nil	1emxiiie	bourgfrc	2emxiiie	poalleg -	
SHilR_A*	La vie de saint Hylaire	hagiographie	non	nil	nil	Arras	1275pm25	ms1	nil	nil	pic	2emxiiie	hagio	-
ChastVergiS_H	La chastelaine de Vergi, ms. H	conte courtois en octosyllabes	oui	norm.	1240ca	nil	1310pm10	ms1	ouest	1emxiiie	nil	1emxive	narrbref	-
ChronSMichelM	[PVR] Le roman du Mont Saint-Michel par Guillaume de Saint-Pair, v.1-796 Francisque Michel, Caen 1856 nv nv	chronique rimée	oui	Nord-Ouest	1163pm13	norm.	1275pm25	ms	ouest	2emxiie	ouest	2emxiiie	hist	-
TurpinBurgWa*	The burgundian translation of the Pseudo-Turpin Chronicle  ou Turpin7W (description DEAF incomplète)	chronique historique	non	bourg.	1290pm10	bourg.	1290pm10	ms	bourgfrc	2emxiiie	bourgfrc	2emxiiie	hist	-
PriseCordD	La prise de Cordres et de Sebille, v. 1-996	chanson de geste (cycle de Guillaume d'Orange)	oui	lorr.	1200ca	Meuse	1262pm13	ms2	lorr	1emxiiie	lorr	2emxiiie	chgeste	-
FillePonth2B2	La fille du comte de Pontieu, deuxième main	nil	non	Nord	1238pm13	Nord	1290pm10	ms2	pic	2emxiiie	pic	2emxiiie	roman	-
DialAmeB	Dialogus anime conquerentis et rationis consolantis	texte religieux	non	lorr.	1200ca	lorr.	1200ca	ms2	lorr	1emxiiie	lorr	1emxiiie	dialogue	-
RenN_M	Le roman de Renart, branche VI, ms. M	nil	oui	nil	1188pm13	nil	1310pm10	ms1	nil	2emxiie	nil	1emxive	narrbref	-
MarieFab_Z	nil	fable	oui	Nord-Ouest	1180ca	nil	1400pm100	ms	ouest	2emxiie	nil	1emxve	narrbref	-
SCathJonglF	La passion saynte Katherine	vie de Sainte en vers irréguliers	oui	poit.	1250pm50	traits frpr.	1325pm25	ms1	centre	mxiiie	sudest	1emxive	hagio	-
PeanGatS1_2	Leben und Wunderthaten des heiligen Martin, v. 2001-4091	vie de saint	oui	tour.	1225pm25	poit.	1290pm10	ms	centre	1emxiiie	centre	2emxiiie	hagio	-
MousketR	Chronique rimée de Philippe Mouskes, v. 12135-14650	chronique des rois de France, de la guerre de Troie à Saint Louis, en octosyllabes	oui	hain.	1243	hain.	1275pm25	ms3	pic	1emxiiie	pic	2emxiiie	hist	-
VerCoulK	Li ver de Couloigne	nil	oui	pic. orient.	1250ca	art.	1290pm10	cr1	pic	mxiiie	pic	2emxiiie	didact	-
JacBaisT	Baisieux	une nouvelle courtoise et deux dits à caractère moralisant et religieux	oui	wall.	1300ca	wall.	1300ca	ms	wall	1emxive	wall	1emxive	narrbref	-
GormB	Gormont et Isembart	chanson de geste	oui	frc.	1125pm25	agn.	1213pm13	ms2	bourgfrc	1emxiie	agn	1emxiiie	chgeste	-
LancPrK	Lancelot do Lac, p. 1.1-20.13, ms. Ao	nil	non	nil	1220ca	Est	1237pm13	cr1	nil	1emxiiie	bourgfrc	1emxiiie	roman	-
PerNeslesTabJ	Peros von Neele's gereimte Inhaltsangabe	table des matières rimée	oui	pic.	1289	pic.	1289	ms	pic	2emxiiie	pic	2emxiiie	nil	-
MarieChievreS_H	nil	lai	oui	agn.	1165ca	agn.	1275pm25	ms	agn	2emxiie	agn	2emxiiie	narrbref	-
YvainL_G	Le chevalier au lion de Chrétien de Troyes, ms. G, v. 1-1000	roman arthurien en octosyllabes	oui	champ. mérid.	1177ca	champ.	1250pm50	ms1	champ	2emxiie	champ	mxiiie	roman	-
ElieB*	Elie de Saint Gille	chanson de geste	oui	pic.	1190pm10	pic.	1275pm25	nil	pic	2emxiie	pic	2emxiiie	chgeste	-
RenN_O	Le roman de Renart, branche VI, ms. O	nil	oui	nil	1188pm13 	nil	nil	ms1	nil	2emxiie	nil	nil	narrbref	-
CourtArrF2*	Courtois d'Arras	pièce de théâtre (jeu)	oui	art.	1210pm10	pic.	1285	cr1	pic	1emxiiie	pic	2emxiiie	theatre	-
NarcisusT	nil	nil	oui	norm.	1165ca	art.	1267	ms	ouest	2emxiie	pic	2emxiiie	narrbref	-
SAntV*	La vie de saint Antoine	vie de saint en quatrains d'alexandrins monorimes	non	wall.	1208pm4	pic.	1275pm25	ms1	wall	1emxiiie	pic	2emxiiie	hagio	-
ChastPereAM	[PVR] Le chastoiement d'un pere a son fils, v.1- 3012 E.D. Montgomery Jr, Chapel Hill 1971 Brit.Mus. MS Additinal 10289 13e s.	collection de contes moraux	oui	norm.	1210pm10	norm.	1275pm25	cr3	ouest	1emxiiie	ouest	2emxiiie	narrbref	-
RenN_L	Le roman de Renart, branche VI, ms. L	nil	oui	nil	1188pm13	nil	1350pm50	ms1	nil	2emxiie	nil	mxive	narrbref	-
CharroiSch_A4*	Le charroi de Nimes, ms. A4	épopée du cycle de Guillaume d'Orange	oui	nil	1150pm17	frc.	1283pm17	ms1	nil	mxiie	bourgfrc	2emxiiie	chgeste	-
BibleMalkS	La bible de Jehan Malkaraume, v. 1-3016	trad. tantôt libre, tantôt littérale de l'Ancien Testament	oui	lorr.	1283pm17	lorr.	1283pm17	ms3	lorr	2emxiiie	lorr	2emxiiie	bible	-
AubereeN_transC*	Fabliau nr 4 du ms. C	fabliau	oui	pic.	1200ca	norm.	1300ca	ms	pic	1emxiiie	ouest	1emxive	narrbref	-
ChastVergiS_C	La chastelaine de Vergi, ms. C	conte courtois en octosyllabes	oui	norm.	1240ca	frc.	1288pm13	ms1	ouest	1emxiiie	bourgfrc	2emxiiie	narrbref	-
MarieYon_H	nil	lais bretons	oui	agn.	1165ca	agn.	1275pm25	ms	agn	2emxiie	agn	2emxiiie	narrbref	-
VillehC*	La conqueste de Costentinoble de Josfroi de Viieharduyn, ms. B	chronique historique	non	champ.	1205pm4	frc.	1290pm10	ms1	champ	1emxiiie	bourgfrc	2emxiiie	hist	-
Turpin1A	Der sogenannte poitevinische Pseudo-Turpin, p. 262,1-294,22	chronique en prose (relatant les événements de l'époque carolingienne)	non	saint.	1217pm17	saint.	1238pm13	ms1	sudouest	1emxiiie	sudouest	2emxiiie	hist	-
SHilV*	La vie de saint Hylaire	vie de saint	non	Belgique	1208pm4	pic.	1275pm25	ms1	wall	1emxiiie	pic	2emxiiie	hagio	val lieu ?
AmAmD	Ami et Amile, v. 1-808	chanson de geste en laisses décasyllabiques	oui	nil	1200ca	lorr.	1275pm25	ms1	nil	1emxiiie	lorr	2emxiiie	chgeste	-
GeoffrParChronD	Chronique métrique attribuée à Geffroy de Paris, v. 1-2004	oeuvre narrative en vers	oui	norm.	1316	nil	1318ca	ms	ouest	1emxive	nil	1emxive	hist	-
SGillesP	La vie de Saint Gilles par Guillaume de Berneville	vie de saint en octosyllabes	oui	agn.	1183pm17	agn.	1225pm25	cr1	agn	2emxiie	agn	1emxiiie	hagio	-
PercLo_Q	Le Perceval de Chrétien de Troyes, v. 1-2000, ms. Q	roman arthurien	oui	champ. mérid.	1180ca	champ. mérid.	1275pm25	ms1 	champ	2emxiie	champ	2emxiiie	roman	-
WaceMargaF	La vie de Sainte Marguerite de Wace, ms. M	vie de saint en vers octosyllabiques	oui	norm.	1135ca	art.	1267	cr3	ouest	1emxiie	pic	2emxiiie	hagio	-
ElesB_G	Le roman des ailes de Raoul de Houdenc, ms. G	poème didactique	oui	pic.	1207pm7	agn.	1300ca	ms	pic	1emxiiie	agn	1emxive	poalleg	-
ChastVergiS_I	La chastelaine de Vergi, ms. I	conte courtois en octosyllabes	oui	norm.	1240ca	norm.	1300	ms1	ouest	1emxiiie	ouest	1emxive	narrbref	-
MarieEquitS_H	nil	lai	oui	agn.	1165ca	agn.	1275pm25	ms	agn	2emxiie	agn	2emxiiie	narrbref	-
JoinvC	La vie de saint Louis de J. de Joinville, par. 1-165	chronique en prose	non	champ.	1307pm2	Nord-Est	1335ca	cr1	champ	1emxive	wall	1emxive	hist	-
MarieFab_E	nil	fable	oui	Nord-Ouest	1180ca	agn.	1225pm25	ms	ouest	2emxiie	agn	1emxiiie	narrbref	-
ChevBarAnL	Le chevalier au barisel	conte pieux	oui	pic.	1210pm10	pic.	1310	cr2	pic	1emxiiie	pic	1emxive	narrbref	-
RobOmMirL	Le miroir de vie et de mort de R. de l'Omme, ms. G	poème imité de la moralité wallone des sept péchés mortels.	oui	pic.	1266	art.	1277	ms1	pic	2emxiiie	pic	2emxiiie	poalleg	-
PercLo_B	Le Perceval de Chrétien de Troyes, ms. B	roman arthurien	oui	champ. mérid.	1180ca	bourg. sept.	1310pm10	ms1 XG (éditeur)	champ	2emxiie	bourgfrc	1emxive	roman	-
EstFougL	[PVR] Le livre des manieres de Etienne de Fougeres R.A. Lodge, TLF, Gene3ve 1979 Bibl Munic. Angers Ms 304 1e tiers 13e s	quatrains monorimes octosyllabiques	oui	Ouest	1176ca	Ouest	1217pm17	ms1	ouest	2emxiie	ouest	1emxiiie	nil	-
Ren_A	nil	nil	oui	nil	1188pm13	nil	nil	ms	nil	2emxiie	nil	nil	narrbref	-
CharroiSch_B2*	Le charroi de Nimes, ms. B2	épopée du cycle de Guillaume d'Orange	oui	nil	1150pm17	Paris	1335ca	ms1	nil	mxiie	idf	1emxive	narrbref	-
PsLorrA	Lothringischer Psalter, p. 1-23	psautier	non	lorr.	1365	lorr.	1375pm25	ms	lorr	2emxive	lorr	2emxive	bible	-
BretTournD	Le tournoi de Chauvency de Jacques Bretel, v. 1-2765, ms. M	roman de chevalerie en vers	oui	Meuse	1285	lorr.	1310pm10	cr1	lorr	2emxiiie	lorr	1emxive	roman	-
PoèmeMorB_L	Le poème moral, traité de la Vie Chrétienne, vers 2321-fin	traité de vie chrétienne	oui	wall.	1200ca	wall.	1311ca	cr1	wall	1emxiiie	wall	1emxive	nil	-
MirNDChartrK	Miracles de Notre Dame de Chartres de Jean le Marchant	récit de miracles en octosyllabes	oui	Chartres	1257pm5	Chartres	1350pm50	ms2	centre	2emxiiie	centre	mxive	hagio	-
CharroiSch_B1*	Le charroi de Nimes, ms. B1	épopée du cycle de Guillaume d'Orange	oui	nil	1150pm17	Paris	1335ca	ms1	nil	mxiie	idf	1emxive	chgeste	-
ElesB_T	Le roman des ailes de Raoul de Houdenc, ms T	poème didactique	oui	pic.	1207pm7	wall.	1300ca	ms	pic	1emxiiie	wall	1emxive	poalleg	-
RenN_E	Le roman de Renart, branche VI, ms. E	nil	oui	nil	1188pm13	nil	1400pm100	ms1	nil	2emxiie	nil	1emxve	narrbref	-
ChastVergiS_L	La chastelaine de Vergi, ms. L	conte courtois en octosyllabes	oui	norm.	1240ca	frc.	1325ca	ms1	ouest	1emxiiie	bourgfrc	1emxive	narrbref	-
PsCambrM	nil	psaume	non	agn.	1125pm25	Canterbury	1150pm10	cr2	agn	1emxiie	agn	mxiie	bible	-
SLouisPathMirF	Les miracles de saint Louis de Guillaume de St Pathus, par. 1-54	miracles en prose	non	multiple	1298pm1	nil	1310pm10	ms1	nil	2emxiiie	nil	1emxive	hagio	nil pour multiple ?
EvEnfB	The Old French Evangile de l'Enfance, ms. G	poème évangélique à couplets octosyllabiques apocryphe	oui	Ouest	1275pm25	pic.	1317pm17	ms	ouest	2emxiiie	pic	1emxive	bible	-
GarçAvR2	Le garçon et l'aveugle	jeu en octosyllabes	oui	pic.	1275ca	pic.	1275pm25	cr2	pic	2emxiiie	pic	2emxiiie	nil	-
EdmK*	nil	vie de saint	oui	agn.	1195pm5 	agn.	1325pm25	ms2	agn	2emxiie	agn	1emxive	hagio	-
MarieYon_Q	nil	lai breton	oui	agn.	1165ca	frc.	1339pm10	ms	agn	2emxiie	bourgfrc	1emxive	narrbref	-
MarieFab_M	nil	fable	oui	Nord-Ouest	1180ca	wall.	1300ca	ms	ouest	2emxiie	wall	1emxive	narrbref	-
PercLo_F	[PVR] Perceval de Chretien de Troyes, ms. F, v.1-2000 R.L.H. Lops Florence Ricardienne 2943 fin 13e, de2but 14e	roman arthurien	oui	champ. mérid.	1180ca	Est	1250pm10	ms1	champ	2emxiie	bourgfrc	mxiiie	roman	-
RouH_3b	[PVR] Le roman de Rou,de Wace, Chronique ascendante des Ducs de Normandie III,tome I, 3e partie vs 1019-1974 A.J. Holden, SATF, Paris 1970-73, 3 volumes A, Brit.Mus. Roy. 4.C.XI deb.13e s	chronique historique	oui	norm.	1167pm7	agn.	1210pm10	cr2	ouest	2emxiie	agn	1emxiiie	hist	-
EvratGenABo_trans1*	[PVR] La Genese d'Evrat, v.1- 4796 transcription W. Boers (A), BN 12.456 #periode#	poème biblique	oui	champ.	1198ca	lorr.	1210pm10	ms1-2	champ	2emxiie	lorr	1emxiiie	nil	-
FlorenceW	Florence de Rome, v. 1-844, ms. P	chanson d'aventure	oui	pic.	1213pm13	est	1300ca	cr1	pic	1emxiiie	bourgfrc	1emxive	narrbref	-
EvNicPrBF	L'évangile de Nicodème, tradition B	traduction de l'Evangile	non	nil	1225pm25	flandr.	1288pm13	ms1	nil	1emxiiie	wall	2emxiiie	bible	-
MarieFab_A	nil	fable	oui	Nord-Ouest	1180ca	agn.	1250pm10	ms	ouest	2emxiie	agn	mxiiie	narrbref	-
AngVieGregM	[PVR] La vie de Saint Gregoire le Grand, traduite du latin par frere Angier, religieux de Sainte Frideswide. v.1-1018 Paul Meyer, Rom. XII (1883), p. 145-208 BN f.fr.24766 1212/1214	hagiographie	oui	agn.	1215pm1	agn.	1215pm1	ms1	agn	1emxiiie	agn	1emxiiie	hagio	-
MarieDousAm_S	nil	lai	oui	agn.	1165ca	frc.	1300ca	ms	agn	2emxiie	bourgfrc	1emxive	narrbref	-
MarieChievreS_S	nil	lai	oui	agn.	1165ca	frc.	1300ca	ms	agn	2emxiie	bourgfrc	1emxive	narrbref	-
NoomenFabl_transJ*	Fabliaux nrs 2 et 4 du ms. J	fabliau	oui	pic.	1250pm50	pic.	1285	ms	pic	mxiiie	pic	2emxiiie	narrbref	-
SJeanEvW	[PVR] La vie de saint Jean l'Evangeliste E. Westberg, Uppsala 1943 (M) Madrid BN 9446 mil. 13e s	vie de saint en quatrains d'alexandrins	oui	hain.	1225ca	norm.	1250pm10	cr	pic	1emxiiie	ouest	mxiiie	hagio	-
MarieFab_C	nil	fable	oui	Nord-Ouest.	1180ca	lorr.	1275pm25	ms	ouest	2emxiie	lorr	2emxiiie	narrbref	-
DurmG	[PVR] Durmart le Galois, Tome I, v.1-800 J. Gildea, Villanova 1965 Ms Berne 113 nv	roman arthurien	oui	pic.	1217pm17	bourg.	1290pm10	cr1	pic	1emxiiie	bourgfrc	2emxiiie	roman	-
AmYdR	Amadas et Ydoine, ms. P, v. 1-2316	roman d'aventures et d'amour en octosyllabes	oui	agn.	1210pm10	pic.	1289	cr3	agn	1emxiiie	pic	2emxiiie	-	
AlexArsL	The medieval French Roman d'Alexandre, ms. A, v. 934-4455	roman en vers	oui	pic. et occ. orient.	1185ca	poit.	1225pm25	ms	pic	2emxiie	centre	1emxiiie	roman	-
TroisAvG	Les trois aveugles de Compiègne de Cortebarbe	fabliau	oui	Oise	1250pm10	frc.	1288pm13	cr2	pic	mxiiie	bourgfrc	2emxiiie	narrbref	-
AubereeN_transF*	Fabliau nr. 4, ms. F	fabliau	oui	pic.	1200ca	nil	1300ca	ms	pic	1emxiiie	nil	1emxive	narrbref	-
RenN_A	[PVR] Le Roman de Renart, br. VI, ms A E. Nieboer, Amsterdam (A) BN. f.fr. 20043 13e s.	nil	oui	nil	1188pm13	pic.	1250*pm 50.	ms	nil	2emxiie	pic	mxiiie	narrbref	-
MarieEquitS_S	nil	lai	oui	agn.	1165ca	frc.	1300ca	ms	agn	2emxiie	bourgfrc	1emxive	narrbref	-
CoincyI*	Les miracles de Nostre Dame de Gautier de Coinci, ms. L, p. 5-176	miracle	oui	nord	1226pm2	pic. mérid.	1310pm10	ms1	pic	1emxiiie	pic	1emxive	narrbref	-
PercLo_M	Le Perceval de Chrétien de Troyes, ms. M, v. 1-2000	roman arthurien	oui	champ. mérid.	1180ca	bourg.	1275pm25	ms1 	champ	2emxiie	bourgfrc	2emxiiie	roman	-
BeaumCoutB_Harl	Les coutumes du Beauvoisis par Ph. de Beaumanoir, t.I, p. 356-441	nil	non	Oise	1283	frc.	1250pm50	ms3	pic	2emxiiie	bourgfrc	2emxiiie	nil	-
AthisH	Li romanz d'Athis et Prophilias, v. 2609-6076	histoire de deux amis en octosyllabes	oui	pic.	1200ca	frc.	1350pm50	cr2	pic	1emxiiie	bourgfrc	mxive	roman	-
HistAncV	[PVR] Histoire Ancienne De Visser nv, Estoires Rogier	Histoire ancienne interrompue au milieu de la Guerre des Gaules (57 av. J.C.)	non	Belgique	1213ca	Nord-Est	1287ca	ms1	wall	1emxiiie	bourgfrc	2emxiiie	hist	-
GuischartG_O	nil	sermon	oui	agn.	1190pm10	agn.	1277pm5	ms	agn	2emxiie	agn	2emxiiie	sermon	-
SGraalIIJosN	Le roman de l'estoire dou graal de Robert de Boron, v. 1-850	roman en vers octosyllabiques	oui	frcomt.	1196pm5	pic.	1290pm10	ms1	bourgfrc	2emxiie	pic	2emxiiie	roman	-
CharroiSch_A3*	Le charroi de Nimes, ms. A3	épopée du cycle de Guillaume d'Orange	oui	nil	1150pm17	lorr.	1325pm25	ms1	nil	mxiie	lorr	1emxive	chgeste	-
ChevIIEspF	Li chevaliers as deus espees, v. 1-2538	roman d'aventures	oui	pic.	1238pm13	Pas-de-Calais	1300ca	cr2	pic	1emxiiie	pic	1emxive	chgeste	-
SRemiB	La vie de saint Remi, poème du XIIIe s. par Richier. v. 1-3000	vie de Saint	oui	champ. sept.	1283pm17	Ardennes	1350ca	ms2	champ	2emxiiie	lorr	mxive	hagio	-
SermCarP	Sermons de Carême en dialecte wallon	neuf sermons en prose pour le Carême	non	liég.	1217pm17	liég.	1225pm25	ms2	wall	1emxiiie	wall	1emxiiie	sermon	-
NarcisusP_D	nil	nil	oui	norm.	1165ca	norm.	1300ca	ms	ouest	2emxiie	ouest	1emxive	narrbref	-
PercLo_L	Le Perceval de Chrétien de Troyes, ms. L, v. 1-2000	roman arthurien	oui	champ. mérid.	1180ca	champ. mérid.	1275pm25	ms1	champ	2emxiie	champ	2emxiiie	roman	-
AucR3	Aucassin et Nicolete: les chants	chantefable en vers et en prose	oui	pic.	1225pm25	pic.	1290pm10	ms1	pic	1emxiiie	pic	2emxiiie	nil	-
PercLo_B	nil	roman arthurien	oui	champ. mérid.	1180ca	bourg.sept.	1310pm10	ms1	champ	2emxiie	bourgfrc	1emxive	roman	-
PBeauvJacB	The Liber Sancti Jacobi by Pierre de Beauvais	traduction	non	Beauvais	1212	champ.	1290pm10	cr	pic	1emxiiie	champ	2emxiiie	hagio	-
BenTroieC	[PVR] Le roman de Troie par B. de ste-Maure, v.715-1728 L. Constans, SATF, t.I, Paris 1904 (M2) Milan bibl. Ambroisienne D 55 fin 12e s	roman épique	oui	poit.	1170ca	agn.	1210pm10	cr3	centre	2emxiie	agn	1emxiiie	hist	-
MarieYon_P	nil	lai breton	oui	agn.	1165ca	pic.	1290pm10	ms	agn	2emxiie	pic	2emxiiie	narrbref	-
RenNouvR	Renart le Nouvel par Jacquemart Gielee, v. 1-3026	roman en vers	oui	Lille	1290ca	Arras	1295	ms	pic	2emxiiie	pic	2emxiiie	roman	-
BenDucF_Harl	[PVR] Chronique des ducs de Normandie,Tome 1, v.8791- 9592,11449-12788 C. Fahlin, 2 vol., Uppsala 1951, 1954 (B) BrM, Harl.1717 1ere m.13e s.	chronique en octosyllabes	oui	poit.	1174ca	agn.	1217pm17	cr2	centre	2emxiie	agn	1emxiiie	hist	-
CharroiSch_D*	Le charroi de Nimes, ms. D	nil	oui	nil	1150pm20	lorr. mérid. 	1275pm25	ms1	nil	mxiie	lorr	2emxiiie	chgeste	-
YvainL;PercL	Le chevalier au lion, ms. H, v. 1-1000, et Perceval, ms. A, v. 1-2000, de Chrétien de Troyes transcription R.L.H. Lops et éd. F. Lecoy, Le conte del Graal	roman arthurien en vers	oui	champ. mérid.	1180ca	champ.	1235ca	ms	champ	2emxiie	champ	1emxiiie	roman	-
RobDiableL	Robert le diable, v. 1-808	roman historique en ocuplets d'octosyllabes	oui	traits norm. ?	1190pm10	pic.	1275pm25	cr	ouest	2emxiie	pic	2emxiiie	roman	-
MarieFab_B	nil	fable	oui	Nord-Ouest	1180ca	agn.	1290pm10	ms	ouest	2emxiie	agn	2emxiiie	narrbref	-
MarieFab_Y	nil	fable	oui	Nord-Ouest	1180ca	nil	1225pm25	ms	ouest	2emxiie	nil	1emxiiie	narrbref	-
ChastVergiS_K	La chastelaine de Vergi, ms. K	conte courtois en octosyllabes	oui	norm.	1240ca	pic.	1350pm10	ms1	ouest	1emxiiie	pic	mxive	narrbref	-
MarieLaisE2	Eliduc, ms. H	lais	oui	Nord-ouest	1165ca	agn.	1275pm25	ms	ouest	2emxiie	agn	2emxiiie	narrbref	-
BenTroieM*	[PVR] Fragments du Roman de Troie P. Meyer, Rom. XVIII (1889), p.70-106 Bibl. de l'Universite,fragments de Bale, p.73-87 fin 12e s	roman épique	oui	poit.	1170ca	Angleterre	1190pm10	cr1	centre	2emxiie	agn	2emxiie	hist	-
